genre_id,genre_names
1,"Horror, Thriller"
2,"Adventure, Drama, Horror"
3,"Horror, Mystery, Thriller"
4,Horror
5,"Horror, Mystery, Science Fiction, Thriller"
6,"Action, Adventure, Crime, Drama, Horror, Mystery, Thriller, War"
7,"Horror, Music, Thriller"
8,"Horror, Mystery"
9,"Comedy, Horror"
10,"Action, Comedy, Fantasy, Horror"
11,"Fantasy, Horror, Mystery, Thriller"
12,"Drama, Horror"
13,"Comedy, Horror, War"
14,"Crime, Drama, Horror, Mystery, Thriller"
15,"Comedy, Horror, Thriller, TV Movie"
16,"Action, Horror, Science Fiction"
17,"Action, Adventure, Horror, Thriller"
18,"Adventure, Animation, Comedy, Family, Fantasy, Horror"
19,"Fantasy, Horror"
20,"Drama, Horror, Thriller"
21,"Comedy, Horror, Music"
22,"Action, Fantasy, Horror, Thriller, War"
23,"Action, Horror, Thriller"
24,"Adventure, Comedy, Family, Fantasy, Horror"
25,"Action, Horror"
26,"Horror, Science Fiction, Thriller"
27,"Documentary, Horror"
28,"Adventure, Horror, Mystery, Thriller"
29,"Fantasy, Horror, Mystery, Romance, Thriller"
30,"Animation, Comedy, Drama, Fantasy, Horror"
31,"Action, Animation, Comedy, Horror, Mystery, Thriller"
32,"Action, Drama, Horror, Science Fiction, Thriller"
33,"Action, Fantasy, Horror"
34,"Drama, Horror, Mystery"
35,"Animation, Comedy, Family, Fantasy, Horror"
36,"Drama, Horror, Science Fiction, Thriller"
37,"Fantasy, Horror, Mystery"
38,"Drama, Horror, Science Fiction"
39,"Animation, Comedy, Family, Fantasy, Horror, Mystery"
40,"Action, Crime, Horror, Thriller"
41,"Comedy, Horror, Thriller"
42,"Action, Horror, Science Fiction, Thriller"
43,"Crime, Horror, Mystery"
44,"Drama, Horror, Mystery, Thriller"
45,"Family, Fantasy, Horror"
46,"Drama, Fantasy, Horror, Thriller"
47,"Horror, Romance"
48,"Horror, Mystery, Science Fiction"
49,"Action, Fantasy, Horror, Science Fiction, Thriller"
50,"Adventure, Comedy, Horror"
51,"Drama, Horror, TV Movie"
52,"Drama, Fantasy, Horror"
53,"Drama, Fantasy, Horror, Mystery"
54,"Action, Fantasy, Horror, Science Fiction"
55,"Action, Fantasy, Horror, Thriller"
56,"Animation, Family, Fantasy, Horror"
57,"Horror, Science Fiction"
58,"Action, Horror, Science Fiction, TV Movie"
59,"Crime, Horror, Mystery, Thriller"
60,"Action, Adventure, Horror"
61,"Crime, Horror, Thriller"
62,"Action, Horror, War"
63,"Horror, TV Movie"
64,"Action, Horror, Mystery, Science Fiction"
65,"Crime, Drama, Horror, Thriller"
66,"Action, Comedy, Horror"
67,"Crime, Drama, Horror"
68,"Adventure, Horror, Thriller"
69,"Action, Adventure, Horror, Science Fiction"
70,"Drama, Fantasy, Horror, Mystery, Thriller"
71,"Comedy, Horror, Mystery"
72,"Adventure, Animation, Drama, Horror, Mystery"
73,"Crime, Horror"
74,"Family, Horror, Mystery"
75,"Adventure, Fantasy, Horror, Mystery, Science Fiction, TV Movie"
76,"Comedy, Fantasy, Horror"
77,"Adventure, Horror"
78,"Action, Animation, Horror"
79,"Action, Comedy, Horror, Science Fiction"
80,"Fantasy, Horror, Thriller"
81,"Action, Comedy, Horror, Thriller"
82,"Comedy, Horror, Science Fiction"
83,"Comedy, Crime, Horror, Thriller"
84,"Fantasy, Horror, Thriller, War"
85,"Action, Adventure, Fantasy, Horror, Thriller"
86,"Action, Animation, Fantasy, Horror"
87,"Drama, History, Horror, Thriller"
88,"Action, Adventure, Animation, Horror, Mystery, Science Fiction"
89,"Horror, Science Fiction, War"
90,"Horror, Music, Mystery, Thriller"
91,"Animation, Horror, Mystery, Science Fiction"
92,"Comedy, Fantasy, Horror, Thriller"
93,"Comedy, Horror, Romance"
94,"Adventure, Fantasy, Horror, Mystery, Science Fiction, Thriller"
95,"Animation, Comedy, Drama, Fantasy, Horror, Mystery"
96,"Action, Adventure, Comedy, Horror, Science Fiction"
97,"Drama, History, Horror"
98,"Action, Horror, Mystery"
99,"Action, Adventure, Animation, Horror"
100,"Action, Drama, Horror, Science Fiction"
101,"Animation, Drama, History, Horror"
102,"Adventure, Drama, Horror, Thriller"
103,"Adventure, Animation, Comedy, Family, Horror"
104,"Adventure, Family, Fantasy, Horror"
105,"Action, Adventure, Comedy, Fantasy, Horror, Science Fiction"
106,"Adventure, Animation, Comedy, Family, Fantasy, Horror, Mystery"
107,"Comedy, Fantasy, Horror, Romance"
108,"Action, Animation, Horror, Science Fiction"
109,"Comedy, Horror, Romance, Thriller"
110,"Action, Drama, Fantasy, Horror, War"
111,"Animation, Horror"
112,"Adventure, Animation, Fantasy, Horror, Science Fiction"
113,"Action, Comedy, Horror, Science Fiction, Thriller"
114,"Action, Adventure, Animation, Family, Fantasy, History, Horror"
115,"Action, Adventure, Fantasy, Horror, Science Fiction, Thriller"
116,"Comedy, Fantasy, Horror, Science Fiction"
117,"Animation, Horror, Science Fiction, Thriller"
118,"Action, Horror, Mystery, Science Fiction, Thriller"
119,"Comedy, Drama, Horror"
120,"Action, Animation, Fantasy, Horror, Mystery"
121,"Family, Horror, TV Movie"
122,"Drama, Horror, Mystery, Science Fiction, Thriller"
123,"Action, Drama, Horror"
124,"Animation, Fantasy, Horror, Science Fiction"
125,"Adventure, Animation, Comedy, Family, Fantasy, Horror, Music"
126,"Action, Fantasy, Horror, Western"
127,"Action, Horror, TV Movie"
128,"Comedy, Horror, Mystery, Thriller"
129,"Crime, Fantasy, Horror, Thriller"
130,"Adventure, Fantasy, Horror, Mystery"
131,"Action, Drama, Horror, Thriller"
132,"Fantasy, Horror, Science Fiction"
133,"Action, Fantasy, Horror, Mystery"
134,"Horror, Western"
135,"Drama, Horror, Music, Thriller"
136,"Action, Comedy, Horror, Western"
137,"Animation, Fantasy, Horror"
138,"Horror, Science Fiction, TV Movie"
139,"Horror, Music"
140,"Fantasy, Horror, Science Fiction, Thriller"
141,"Adventure, Comedy, Family, Fantasy, Horror, TV Movie"
142,"Action, Horror, Mystery, Thriller"
143,"Adventure, Animation, Comedy, Family, Fantasy, Horror, Mystery, Science Fiction"
144,"Animation, Drama, Horror"
145,"Comedy, Drama, Fantasy, Horror"
146,"Drama, Fantasy, Horror, Mystery, Romance, Thriller"
147,"Action, Drama, Fantasy, Horror"
148,"Action, Crime, Drama, Horror, Thriller"
149,"Action, Crime, Fantasy, Horror, Mystery, Thriller"
150,"Crime, Documentary, Horror, Thriller"
151,"Action, Crime, Horror"
152,"Fantasy, History, Horror"
153,"Fantasy, Horror, Western"
154,"Action, Comedy, Crime, Horror"
155,"Comedy, Horror, TV Movie"
156,"Adventure, Horror, Science Fiction"
157,"Drama, Horror, Mystery, Science Fiction"
158,"Fantasy, Horror, Romance"
159,"Action, Adventure, Drama, Horror, Science Fiction, Thriller"
160,"Action, Adventure, History, Horror"
161,"Horror, Thriller, TV Movie"
162,"History, Horror"
163,"Fantasy, Horror, Mystery, Science Fiction, Thriller"
164,"Adventure, Animation, Comedy, Horror"
165,"Comedy, Horror, Science Fiction, Thriller"
166,"Drama, Horror, Romance"
167,"Action, Adventure, Drama, Family, Fantasy, Horror"
168,"Action, Horror, Western"
169,"Drama, Horror, Romance, Science Fiction"
170,"Adventure, Comedy, Crime, Horror, Romance"
171,"Action, Drama, Fantasy, Horror, Science Fiction, Thriller"
172,"Horror, Thriller, Western"
173,"Comedy, Crime, Fantasy, Horror"
174,"Action, Adventure, Fantasy, Horror"
175,"Action, Comedy, Crime, Horror, Romance, Thriller"
176,"Drama, Horror, Thriller, TV Movie"
177,"Adventure, Horror, Western"
178,"Action, Animation, Fantasy, Horror, Science Fiction, Thriller, TV Movie"
179,"Action, Animation, Comedy, Horror"
180,"Animation, Drama, Fantasy, Horror"
181,"Comedy, Horror, Science Fiction, TV Movie"
182,"Adventure, Comedy, Fantasy, Horror"
183,"Action, Adventure, Horror, Science Fiction, Thriller"
184,"Action, Adventure, Horror, Science Fiction, TV Movie"
185,"Horror, Mystery, Science Fiction, TV Movie"
186,"Comedy, Family, Fantasy, Horror, TV Movie"
187,"Action, Comedy, Fantasy, Horror, Science Fiction, TV Movie"
188,"Drama, Horror, Thriller, War"
189,"Adventure, Horror, Science Fiction, Thriller"
190,"Drama, Horror, Mystery, TV Movie"
191,"Drama, History, Horror, War"
192,"Drama, History, Horror, Mystery"
193,"Drama, Fantasy, Horror, Romance"
194,"Comedy, Crime, Drama, Horror, Thriller"
195,"Action, Comedy, Fantasy, Horror, Science Fiction"
196,"Action, Comedy, Crime, Fantasy, Horror"
197,"Comedy, Drama, Fantasy, Horror, Thriller"
198,"Horror, Romance, Thriller"
199,"Documentary, Horror, TV Movie"
200,"Comedy, Drama, Fantasy, Horror, Mystery"
201,"Action, Animation, Drama, Horror"
202,"Fantasy, Horror, Music"
203,"Comedy, Family, Fantasy, Horror"
204,"Action, Crime, Horror, Science Fiction, Thriller"
205,"Horror, Romance, Science Fiction"
206,"Comedy, Drama, Horror, Thriller"
207,"Comedy, Drama, Horror, Romance"
208,"Comedy, Drama, Horror, TV Movie"
209,"Comedy, Crime, Fantasy, Horror, Mystery, Thriller"
210,"Animation, Fantasy, Horror, Music"
211,"Comedy, Fantasy, Horror, Music, Thriller"
212,"Adventure, Family, Horror, Mystery, Science Fiction"
213,"Action, Crime, Horror, Mystery"
214,"Fantasy, Horror, TV Movie"
215,"Action, Drama, Fantasy, Horror, Western"
216,"Animation, Comedy, Family, Horror, Mystery"
217,"Comedy, Horror, Mystery, Science Fiction, Thriller"
218,"Crime, Fantasy, Horror, Mystery"
219,"Comedy, Family, Horror"
220,"Adventure, Comedy, Drama, History, Horror, Thriller"
221,"Drama, Horror, War"
222,"Comedy, Family, Horror, Thriller, TV Movie"
223,"Action, Comedy, Horror, Science Fiction, Thriller, TV Movie"
224,"Animation, Horror, Science Fiction"
225,"Animation, Horror, Mystery"
226,"Action, Adventure, Comedy, Horror, Science Fiction, TV Movie"
227,"Adventure, Fantasy, Horror, Science Fiction"
228,"Adventure, Fantasy, Horror"
229,"Horror, Music, Science Fiction"
230,"Action, History, Horror"
231,"Comedy, Crime, Horror"
232,"History, Horror, Thriller"
233,"Horror, Mystery, Thriller, TV Movie"
234,"Action, Adventure, Comedy, Crime, Horror, Thriller"
235,"Action, Adventure, Comedy, Horror"
236,"Action, Adventure, Horror, Mystery"
237,"Crime, Documentary, Horror, Mystery"
238,"Drama, Fantasy, Horror, Music"
239,"Animation, Crime, Horror, Science Fiction, Thriller"
240,"Comedy, History, Horror, Thriller"
241,"Horror, Mystery, Western"
242,"Fantasy, Horror, Mystery, Science Fiction"
243,"Animation, Comedy, Horror"
244,"Horror, Thriller, War"
245,"Comedy, Fantasy, Horror, Mystery, Thriller"
246,"Action, Comedy, Horror, Science Fiction, TV Movie"
247,"Horror, Science Fiction, Thriller, TV Movie"
248,"Drama, Fantasy, History, Horror"
249,"Crime, History, Horror, Mystery, Thriller"
250,"Comedy, Drama, Horror, Mystery, Romance, Science Fiction, Thriller"
251,"Adventure, Comedy, Drama, Horror, Thriller"
252,"Action, Horror, Science Fiction, War"
253,"Action, Drama, Horror, War"
254,"Crime, Drama, Horror, Thriller, TV Movie"
255,"Animation, Comedy, Fantasy, Horror"
256,"Drama, Fantasy, Horror, TV Movie"
257,"Action, Horror, Thriller, TV Movie"
258,"Comedy, Fantasy, Horror, Mystery"
259,"Action, Fantasy, Horror, Mystery, Science Fiction"
260,"Crime, Horror, Mystery, Science Fiction, Thriller"
261,"Action, Comedy, Drama, Fantasy, Horror, Mystery, Romance"
262,"Drama, Horror, Romance, Thriller"
263,"Drama, Fantasy, Horror, Mystery, Science Fiction, Thriller"
264,"Drama, Fantasy, Horror, Science Fiction"
265,"Adventure, Fantasy, Horror, Thriller"
266,"Action, Animation, Fantasy, Horror, Science Fiction"
267,"History, Horror, Mystery, TV Movie"
268,"History, Horror, Mystery"
269,"Comedy, Drama, Horror, Music, Mystery"
270,"Action, Adventure, Animation, Comedy, Fantasy, Horror"
271,"Action, Horror, Romance, Science Fiction"
272,"Action, Horror, Thriller, War"
273,"Action, Adventure, Crime, Drama, Fantasy, Horror, Mystery"
274,"Horror, Music, Mystery"
275,"Crime, Drama, Horror, Mystery"
276,"Horror, Mystery, TV Movie"
277,"Comedy, Crime, Drama, Horror"
278,"Horror, Romance, Science Fiction, Thriller"
279,"Action, Adventure, Comedy, Horror, Science Fiction, Thriller"
280,"Action, Comedy, Horror, Mystery, Science Fiction, Thriller"
281,"Action, Adventure, Fantasy, Horror, Science Fiction"
282,"Horror, Mystery, Romance"
283,"Action, Adventure, Comedy, Horror, Romance"
284,"Action, Comedy, Drama, Horror"
285,"Action, Animation, Fantasy, Horror, TV Movie"
286,"History, Horror, Thriller, War"
287,"Adventure, Comedy, Drama, Horror"
288,"Action, Fantasy, Horror, Science Fiction, TV Movie"
289,"Action, Family, Horror"
290,"Animation, Horror, Mystery, Thriller"
291,"Action, Adventure, Horror, Mystery, Thriller"
292,"Action, Comedy, Drama, Horror, Science Fiction, TV Movie"
293,"Comedy, Horror, Mystery, Romance"
294,"Crime, Drama, Horror, Mystery, Romance, Thriller"
295,"Action, Drama, Fantasy, Horror, Science Fiction"
296,"Action, Adventure, Drama, Horror, Thriller"
297,"Horror, Mystery, Romance, Thriller"
298,"Animation, Fantasy, Horror, Mystery"
299,"Adventure, Horror, Science Fiction, TV Movie"
300,"Comedy, Family, Horror, TV Movie"
301,"Crime, Horror, Science Fiction"
302,"Comedy, Fantasy, Horror, Mystery, TV Movie"
303,"Drama, Horror, Romance, TV Movie"
304,"Action, Comedy, Family, Horror, Mystery"
305,"Comedy, Drama, Horror, Science Fiction, Thriller, TV Movie"
306,"Horror, Science Fiction, Western"
307,"Action, Animation, Drama, Horror, Romance, Science Fiction"
308,"Animation, Comedy, Family, Horror"
309,"Adventure, Animation, Fantasy, Horror"
310,"Drama, Horror, Mystery, Science Fiction, TV Movie"
311,"Action, Comedy, Horror, Romance, Thriller"
312,"Adventure, Fantasy, Horror, Mystery, Romance, Thriller"
313,"Action, Adventure, Family, Fantasy, Horror, Science Fiction"
314,"Comedy, Crime, Family, Horror, TV Movie"
315,"Action, Fantasy, Horror, TV Movie"
316,"Animation, Crime, Horror"
317,"Action, Crime, Fantasy, Horror"
318,"Drama, Horror, Mystery, Thriller, TV Movie"
319,"Crime, Horror, Mystery, TV Movie"
320,"Adventure, Comedy, Horror, TV Movie"
321,"Action, Crime, Horror, Science Fiction"
322,"Horror, War"
323,"Comedy, Drama, Horror, Mystery, TV Movie"
324,"Animation, Comedy, Family, Fantasy, Horror, Music"
325,"Comedy, Drama, Horror, Science Fiction"
326,"Action, Adventure, Horror, Mystery, Science Fiction, Thriller"
327,"Action, Crime, Drama, Horror"
328,"Family, Horror"
329,"Comedy, Horror, Western"
330,"Documentary, Horror, Mystery, Thriller"
331,"Action, Crime, Fantasy, Horror, Thriller"
332,"Adventure, Fantasy, Horror, TV Movie"
333,"Horror, Mystery, Romance, Science Fiction"
334,"Action, Adventure, Fantasy, Horror, Science Fiction, TV Movie"
335,"Fantasy, Horror, Mystery, Romance"
336,"Adventure, Horror, TV Movie"
337,"Action, Fantasy, History, Horror"
338,"Action, Comedy, Horror, Science Fiction, War"
339,"Action, Animation, Comedy, Drama, Fantasy, Horror, Mystery"
340,"Comedy, Crime, Horror, TV Movie"
341,"Action, Animation, Crime, Horror, Science Fiction"
342,"Adventure, Crime, Horror, Thriller"
343,"Documentary, Horror, Mystery"
344,"Family, Fantasy, Horror, Thriller, TV Movie"
345,"Crime, Documentary, History, Horror"
346,"Action, Fantasy, Horror, Mystery, Romance"
347,"Action, Horror, Romance"
348,"Action, Comedy, Horror, Music, Science Fiction, Thriller"
349,"Animation, Comedy, Family, Horror, TV Movie"
350,"Comedy, Horror, Music, Science Fiction"
351,"Action, Comedy, Crime, Horror, Science Fiction"
352,"Drama, Horror, Music"
353,"Action, Drama, Horror, Mystery, Thriller"
354,"Comedy, Fantasy, Horror, Science Fiction, Thriller"
355,"Action, Comedy, Horror, Romance"
356,"Fantasy, Horror, Mystery, TV Movie"
357,"Adventure, Horror, Thriller, TV Movie"
358,"Comedy, Crime, Drama, Horror, Romance"
359,"Crime, Drama, Fantasy, Horror, Mystery, Thriller"
360,"Adventure, Drama, Horror, TV Movie"
361,"Drama, Horror, Romance, Science Fiction, Thriller"
362,"Comedy, Family, Fantasy, Horror, Science Fiction, TV Movie"
363,"Fantasy, Horror, Science Fiction, TV Movie"
364,"Animation, Comedy, Drama, Horror, Mystery, Romance"
365,"Horror, Mystery, TV Movie, Western"
366,"Crime, Horror, Thriller, TV Movie"
367,"Animation, Comedy, Drama, Fantasy, Horror, Romance"
368,"Drama, Fantasy, Horror, Mystery, Romance"
369,"Horror, Mystery, Thriller, Western"
370,"Adventure, Drama, Horror, Science Fiction"
371,"Action, Fantasy, Horror, Science Fiction, Thriller, War"
372,"Comedy, Horror, Mystery, TV Movie"
373,"Animation, Horror, TV Movie"
374,"Action, Horror, Mystery, War"
375,"Comedy, Crime, Horror, Mystery, Thriller"
376,"Animation, Drama, Horror, Music, Thriller"
377,"Crime, Horror, Romance, Thriller"
378,"Family, Fantasy, Horror, Science Fiction"
379,"Crime, Horror, Mystery, Romance, Thriller"
380,"Drama, Horror, Western"
381,"Crime, Horror, Romance"
382,"Fantasy, Horror, Music, Thriller"
383,"Drama, Horror, Mystery, Romance, Thriller"
384,"Action, Comedy, Drama, Fantasy, Horror"
385,"Adventure, Animation, Family, Fantasy, Horror"
386,"Action, Comedy, Fantasy, Horror, Science Fiction, Thriller"
387,"Horror, Science Fiction, TV Movie, Western"
388,"Animation, Documentary, Horror"
389,"Animation, Horror, Romance, TV Movie"
390,"Drama, Family, Horror"
391,"Comedy, Documentary, Horror"
392,"Action, Adventure, Drama, Horror, Science Fiction"
393,"Adventure, Crime, Horror, Science Fiction, Thriller"
394,"Comedy, Horror, Romance, Science Fiction"
395,"Action, Horror, TV Movie, Western"
396,"Crime, Drama, History, Horror, Thriller"
397,"Crime, Horror, Thriller, Western"
398,"Comedy, Drama, Horror, Romance, Thriller"
399,"Horror, TV Movie, War, Western"
400,"Animation, Horror, Thriller"
401,"Crime, Horror, Romance, Science Fiction, Thriller"
402,"Horror, Romance, TV Movie"
403,"Comedy, Fantasy, Horror, TV Movie"
404,"Adventure, Family, Horror, Mystery"
405,"Drama, History, Horror, Mystery, Thriller, TV Movie"
406,"Comedy, Drama, Horror, Thriller, TV Movie"
407,"Family, Horror, Science Fiction"
408,"Horror, Mystery, Science Fiction, Thriller, TV Movie"
409,"Comedy, Crime, Drama, Horror, Mystery, Thriller"
410,"Adventure, Horror, Mystery"
411,"Action, Fantasy, Horror, War"
412,"Action, Animation, Comedy, Fantasy, Horror"
413,"Comedy, Fantasy, Horror, Music, Romance"
414,"Action, Fantasy, Horror, Mystery, Thriller"
415,"Action, Adventure, Comedy, Fantasy, Horror"
416,"Fantasy, Horror, Thriller, TV Movie"
417,"Crime, Drama, Horror, Mystery, Romance"
418,"Crime, Fantasy, Horror, Mystery, Thriller"
419,"Animation, Comedy, Documentary, Drama, Horror, Mystery, Thriller"
420,"Action, Drama, Family, Horror"
421,"Action, Adventure, Fantasy, Horror, Mystery, Science Fiction"
422,"Documentary, Horror, Thriller"
423,"Animation, Drama, Horror, TV Movie"
424,"Adventure, Drama, Fantasy, Horror"
425,"Adventure, Animation, Comedy, Fantasy, Horror, Romance"
426,"Animation, Comedy, Horror, Music, Science Fiction"
427,"Documentary, Drama, Horror"
428,"Crime, Drama, Horror, Music"
429,"Action, Comedy, Fantasy, Horror, Romance"
430,"Action, Drama, Horror, TV Movie"
431,"Action, Adventure, Crime, Drama, Horror, Mystery, Thriller"
432,"Documentary, Fantasy, Horror"
433,"Action, Animation, Comedy, Family, Fantasy, Horror"
434,"Horror, TV Movie, Western"
435,"Action, Adventure, Crime, Horror, Thriller"
436,"Comedy, Drama, Horror, Mystery"
437,"Comedy, Drama, Family, Horror"
438,"Comedy, Family, Fantasy, Horror, Mystery"
439,"Crime, Horror, Science Fiction, Western"
440,"Animation, Drama, Horror, Thriller"
441,"Animation, Comedy, Family, Horror, Music"
442,"Adventure, Comedy, Fantasy, Horror, Science Fiction"
443,"Comedy, Fantasy, Horror, Music, Mystery"
444,"Action, Comedy, Family, Fantasy, Horror"
445,"Family, Horror, Mystery, Thriller, TV Movie"
446,"Crime, Fantasy, Horror"
447,"Action, Comedy, Crime, Drama, Horror, Thriller"
448,"Action, Drama, Fantasy, Horror, Thriller"
449,"Action, Animation, Crime, Horror"
450,"Comedy, Horror, Music, Thriller"
451,"Action, Adventure, Horror, Science Fiction, War"
452,"Comedy, Horror, Music, Western"
453,"Action, Comedy, Crime, Horror, Thriller"
454,"Drama, Horror, Mystery, War"
455,"Action, Crime, Drama, Horror, Science Fiction, Thriller"
456,"Animation, Comedy, Drama, Horror"
457,"Adventure, Crime, Horror"
458,"Comedy, History, Horror"
459,"Comedy, Drama, Horror, Mystery, Romance, Thriller"
460,"Adventure, Comedy, Horror, Science Fiction"
461,"Adventure, Fantasy, Horror, Mystery, Thriller"
462,"Action, Animation, Crime, Fantasy, Horror, Mystery, Thriller"
463,"Comedy, Drama, Fantasy, Horror, Mystery, Science Fiction"
464,"Drama, Family, Horror, Mystery"
465,"Crime, Documentary, Horror"
466,"Drama, Fantasy, History, Horror, Thriller, War"
467,"Animation, Comedy, Documentary, Horror, Music"
468,"Family, Horror, Mystery, Thriller"
469,"Drama, Fantasy, Horror, Romance, Thriller"
470,"Drama, Fantasy, Horror, Romance, Science Fiction, Thriller"
471,"Animation, Horror, Western"
472,"Crime, Horror, Mystery, Thriller, TV Movie"
473,"Action, Animation, Horror, Science Fiction, Thriller"
474,"Drama, Fantasy, Horror, Science Fiction, Thriller"
475,"Comedy, Crime, Horror, Science Fiction, Thriller"
476,"Animation, Drama, Fantasy, Horror, Science Fiction"
477,"Action, Documentary, Horror, Thriller"
478,"Crime, Drama, Horror, Mystery, Thriller, TV Movie"
479,"Drama, History, Horror, Romance"
480,"Fantasy, Horror, Romance, Science Fiction"
481,"Crime, Drama, Fantasy, Horror"
482,"Documentary, Horror, Music"
483,"Action, Horror, Mystery, Romance"
484,"Drama, Horror, Music, Mystery, Thriller"
485,"Fantasy, Horror, Romance, Thriller"
486,"Adventure, Drama, Horror, Romance"
487,"Crime, Horror, Music"
488,"Comedy, Drama, Horror, Mystery, Romance"
489,"Adventure, Drama, Horror, Mystery, Thriller"
490,"Drama, Fantasy, Horror, Western"
491,"Adventure, Animation, Fantasy, Horror, Mystery"
492,"Fantasy, Horror, Music, Science Fiction, Thriller"
493,"Action, Animation, Drama, Fantasy, Horror, Thriller"
494,"Action, Adventure, Horror, Mystery, Science Fiction"
495,"Animation, Comedy, Horror, Science Fiction"
496,"Action, Animation, Comedy, Drama, Fantasy, Horror"
497,"Comedy, Horror, Music, Romance"
498,"Crime, Horror, Mystery, Science Fiction"
499,"Comedy, Fantasy, Horror, Romance, Science Fiction"
500,"Crime, Drama, Horror, TV Movie"
501,"Adventure, Comedy, Family, Horror"
502,"Animation, Comedy, Horror, Science Fiction, TV Movie"
503,"Comedy, Family, Fantasy, Horror, Science Fiction"
504,"Drama, Horror, Mystery, Romance"
505,"Animation, Family, Horror, TV Movie"
506,"Action, Crime, Drama, Horror, Mystery"
507,"Comedy, Crime, Drama, Horror, Thriller, TV Movie"
508,"Documentary, Fantasy, History, Horror, Mystery"
509,"Comedy, Crime, Documentary, Horror"
510,"Crime, Drama, Horror, Romance"
511,"Horror, Romance, Western"
512,"Comedy, Fantasy, Horror, Music"
513,"Horror, Music, TV Movie"
514,"Horror, Horror"
515,"Action, Comedy, Drama, Horror, Music, Science Fiction"
516,"Action, Drama, Fantasy, History, Horror"
517,"Animation, Comedy, Horror, Music"
518,"Drama, Fantasy, History, Horror, Mystery, War"
519,"Action, Animation, Fantasy, Horror, Thriller"
520,"Action, Crime, Horror, Thriller, War"
521,"Comedy, Horror, Horror"
522,"Comedy, Crime, Horror, Mystery"
523,"Crime, Drama, Horror, Mystery, Science Fiction, Thriller"
524,"Drama, Horror, Science Fiction, TV Movie"
525,"Action, Comedy, Drama, Fantasy, Horror, Romance"
526,"Animation, Comedy, Horror, Romance"
527,"Action, Adventure, Science Fiction"
528,"Family, Fantasy, Horror, TV Movie"
529,"Family, Horror, Thriller"
530,"Adventure, Documentary, Fantasy, Horror"
531,"Crime, Drama, History, Horror"
532,"Action, Documentary, Horror"
533,"Action, Animation, Horror, Music, Mystery, Science Fiction, Thriller"
534,"Action, Comedy, Drama, Horror, Thriller"
535,"Animation, Comedy, Horror, Mystery"
536,"Adventure, Animation, Comedy, Fantasy"
537,"Documentary, Horror, War"
538,Thriller
539,"Fantasy, Horror, Music, Science Fiction"
540,"Animation, Horror, Mystery, Romance, Science Fiction"
541,"Adventure, Family, Horror"
542,"Action, Adventure, Animation, Fantasy, Horror"
543,"Action, Adventure, Crime, Horror, Science Fiction"
544,"Action, History, Horror, War"
545,"Animation, Family, Horror"
546,"Comedy, Drama, Horror, Mystery, Thriller"
547,"Action, Adventure, Animation, Comedy, Horror"
548,"Adventure, Documentary, Horror, Mystery"
549,"Family, Fantasy, Horror, Thriller"
550,"Action, Horror, Science Fiction, Thriller, War"
551,"Comedy, Horror, Mystery, Science Fiction"
552,"Action, Comedy, Fantasy, Horror, Thriller"
553,"Action, Horror, Science Fiction, War, Western"
554,"Comedy, Crime, Horror, Romance, Thriller"
555,"Animation, Comedy, Horror, Western"
556,"Action, Adventure, Crime, Drama, Horror, Science Fiction"
557,"Comedy, Horror, Music, Mystery"
558,"Action, Adventure, Animation, Drama, Fantasy, Horror"
559,"Action, Adventure, Drama, Fantasy, Horror"
560,"Action, Animation, Comedy, Drama, Horror, Mystery, Thriller"
561,"Animation, Comedy, Horror, Science Fiction, Thriller"
562,"Documentary, Fantasy, Horror, TV Movie"
563,"Adventure, Comedy, Fantasy, Horror, Mystery"
564,"Animation, Fantasy, Horror, Music, Science Fiction"
565,"Animation, Horror, Music"
566,"Comedy, Horror, Mystery, Science Fiction, Western"
567,"Adventure, Comedy, Crime, Fantasy, Horror"
568,"Horror, Music, Mystery, Romance"
569,"Animation, Drama, Horror, Mystery, Romance"
570,"Comedy, Crime, Horror, Music"
571,"Documentary, History, Horror, TV Movie"
572,"Comedy, Drama, Fantasy, Horror, Romance"
573,"Drama, Fantasy, Horror, Mystery, TV Movie"
574,"Action, Comedy, Fantasy, Horror, Mystery"
575,"Documentary, Horror, Science Fiction"
576,"Action, Family, Horror, Romance"
577,"Action, Fantasy, Horror, Mystery, Science Fiction, Thriller"
578,"Adventure, Animation, Drama, Horror"
579,"Crime, Fantasy, Horror, Science Fiction, Thriller"
580,"Comedy, Documentary, Horror, Science Fiction"
581,"Adventure, Drama, Fantasy, Horror, Thriller"
582,"Action, Adventure, Fantasy, Horror, Mystery"
583,"Fantasy, History, Horror, Music, TV Movie"
584,"Animation, Horror, Science Fiction, TV Movie"
585,"Drama, History, Horror, Mystery, Thriller"
586,"Crime, Horror, Science Fiction, Thriller"
587,"Comedy, Drama, Horror, Music, Thriller"
588,"Comedy, Horror, Mystery, Romance, Thriller"
589,"Action, Adventure, Comedy, Fantasy, Horror, Music, Science Fiction"
590,"Animation, History, Horror"
591,"Adventure, Horror, Mystery, Science Fiction"
592,"Crime, Drama, Family, Horror"
593,"Animation, Fantasy, Horror, Mystery, Science Fiction"
594,"Crime, Horror, War"
595,"Animation, Horror, Music, Mystery"
596,"Animation, Fantasy, Horror, Thriller"
597,"Fantasy, History, Horror, Mystery"
598,"Horror, Music, Romance"
599,"Animation, Horror, Mystery, Romance"
600,"Action, Horror, Science Fiction, Western"
601,"Action, Comedy, Horror, Mystery"
602,"Fantasy, Horror, Romance, Thriller, TV Movie"
603,"Action, Adventure, Comedy, Crime, Drama, Family, History, Horror, Romance, Thriller"
604,"Adventure, Comedy, Family, Horror, Thriller, TV Movie"
605,"Crime, Drama, Fantasy, Horror, Science Fiction, Thriller"
606,"Action, Documentary, Drama, Horror, Mystery, Science Fiction, Thriller"
607,"Comedy, Drama, Horror, Music, Mystery, Romance"
608,"Action, Documentary, Fantasy, Horror"
609,"Action, History, Horror, Science Fiction"
610,"Action, Drama, Horror, Romance"
611,"Action, Adventure, Comedy, Family, Fantasy, Horror"
612,"Adventure, Drama, Fantasy, Horror, Science Fiction"
613,"Action, Comedy, Horror, Thriller, TV Movie"
614,"Action, Drama, Horror, Western"
615,"Action, Crime, Horror, Mystery, Thriller"
616,"Action, Adventure, Drama, Fantasy, Horror, Science Fiction"
617,"Adventure, Drama, Horror, Science Fiction, Thriller"
618,"Comedy, History, Horror, Music"
619,"Action, Comedy, Horror, Music"
620,"Adventure, Animation, Comedy, Drama, Horror"
621,"Documentary, Family, Horror"
622,"Animation, Drama, Horror, Mystery, Thriller"
623,"Crime, Drama, History, Horror, Mystery"
624,"Comedy, Crime, Drama, Horror, Mystery"
625,"Animation, Drama, Horror, Mystery"
626,"Drama, Fantasy, Horror, Music, Romance"
627,"Comedy, Crime, Fantasy, Horror, Music"
628,"Animation, Drama, Fantasy, Horror, Romance"
629,"Adventure, Animation, History, Horror"
630,"Action, Drama, Horror, Science Fiction, War"
631,"Action, Crime, Fantasy, Horror, Mystery, Science Fiction"
632,"Adventure, Drama, Family, Fantasy, Horror"
633,"Horror, Mystery, Thriller, War"
634,"Action, Adventure, Drama, Horror, Mystery, Science Fiction"
635,"Action, Horror, Music, Science Fiction"
636,"Comedy, Family, Horror, Thriller"
637,"Animation, Horror, Romance"
638,"Documentary, Horror, Mystery, TV Movie"
639,"Adventure, Animation, Comedy, Fantasy, Horror"
640,"Drama, History, Horror, Mystery, Romance"
641,"Adventure, Fantasy, Horror, Romance, Science Fiction"
642,"Documentary, History, Horror"
643,"Adventure, Drama, Horror, Mystery"
644,"Animation, Drama, Fantasy, Horror, Science Fiction, Thriller"
645,"Action, Comedy, Drama, History, Horror, Thriller"
646,"Adventure, Animation, Fantasy, Horror, Music"
647,"Drama, Family, Fantasy, Horror"
648,"Drama, Fantasy, Horror, Mystery, Science Fiction"
649,"Action, Crime, Horror, Mystery, Science Fiction, Thriller"
650,"Action, Fantasy, Horror, Romance"
651,"Animation, Horror, Romance, Science Fiction, War"
652,"Action, Adventure, Comedy, Horror, Thriller"
653,"Action, Adventure, Comedy, Documentary, Horror, Science Fiction, Thriller"
654,"Comedy, Horror, Music, TV Movie"
655,"Action, Adventure, Drama, Horror"
656,"Action, Comedy, Drama, Family, Horror, Romance"
657,"Action, Family, Fantasy, Horror"
658,"Action, Comedy, Documentary, Horror"
659,"Fantasy, Horror, Music, Romance"
660,"Fantasy, Horror, War"
661,"Action, Adventure, Crime, Drama, Horror, Mystery, Romance, Science Fiction, Thriller"
662,"Comedy, Crime, Documentary, Drama, Horror"
663,"Drama, Family, Horror, Thriller"
664,"Action, Adventure, Comedy, Horror, Mystery"
665,"Comedy, Documentary, Horror, Mystery"
666,"History, Horror, Music"
